TS_ID,PL_ID,StartDate,HistoryValue_1,HistoryValue_2,HistoryValue_3,HistoryValue_4,HistoryValue_5,HistoryValue_6,HistoryValue_7,HistoryValue_8,HistoryValue_9,HistoryValue_10,HistoryValue_11,HistoryValue_12,HistoryValue_13,HistoryValue_14,HistoryValue_15,HistoryValue_16,HistoryValue_17,HistoryValue_18,HistoryValue_19,HistoryValue_20,HistoryValue_21,HistoryValue_22,HistoryValue_23,HistoryValue_24,HistoryValue_25,HistoryValue_26,HistoryValue_27,HistoryValue_28,HistoryValue_29,HistoryValue_30,HistoryValue_31,HistoryValue_32,HistoryValue_33,HistoryValue_34,HistoryValue_35,HistoryValue_36
TS_2,PL_999,1/1/2016,,"227,200","157,500","105,000","210,900","300,110","195,680","143,650","247,100","158,100","178,100","106,100","71,825","245,950","158,400","388,625","177,550","308,476","232,080","327,900","336,850","243,545","54,300","250,854","245,750","127,850","705,025","303,160","405,350","534,726","266,949","390,993","421,000","307,665","566,616","281,400"
TS_3,PL_999,1/1/2016,"73,325","84,975","74,350","83,625","48,750","91,575","86,250","72,200","105,800","66,525","96,175","70,434","83,250","89,925","110,725","125,925","97,975","121,150","97,500","94,320","121,000","97,000","117,750","80,584","94,450","93,875","142,450","114,100","113,600","119,100","102,750","128,800","127,800","117,650","151,750","102,750"
TS_4,PL_999,1/1/2016,"66,000","110,000","110,000","44,000","33,000","176,000","33,000","88,000","88,000","187,000","88,000","108,425","33,020","121,000","125,000","253,000","176,000","99,000","103,000","99,150","22,000","87,450","121,000","165,000","143,000","127,500","110,000","132,000","111,500","133,650","88,000","121,000","143,000","143,000","124,500","176,000"
TS_5,PL_999,1/1/2016,"18,000","9,000","18,000","7,650","58,600","35,200","9,000","81,550","24,925","93,600","88,660","116,600","61,080","7,200","97,300","89,075","92,610","36,000","99,000","91,800","27,000","89,920","145,350","45,000","63,000","72,000","45,900","55,010","64,860","81,900","111,950","74,050","94,500","90,450","64,800","63,000"
TS_6,PL_999,1/1/2016,,,,,,,,,,,,,,,,,,,,,,,,,,,,,,,,,,,,
TS_7,PL_999,1/1/2016,"91,650","57,090","65,720","78,550","76,210","72,680","76,030","81,225","76,640","64,330","51,480","38,300","91,200","39,340","75,760","73,450","49,220","66,380","89,300","49,840","48,130","90,190","49,670","37,980","101,230","89,680","64,400","87,410","79,460","55,110","58,870","66,940","52,700","54,650","37,360","93,660"
TS_8,PL_999,1/1/2016,"108,000","80,000","110,000","80,000","122,300","40,000","121,000","40,000","120,250","106,600","40,000","80,000","80,300","120,000","80,000","80,000","82,500","120,000","80,000","120,000","80,000","80,000","120,000","40,000",,"120,000","119,800","124,000","79,800","84,100","79,800","80,000","80,000","40,000","80,000","40,000"
TS_9,PL_999,1/1/2016,,"1,920","61,305","20,760","52,600","1,490","35,000","35,000","35,160","19,360","70,650","17,550","71,425",,"70,100","52,600","1,450","70,030",,"87,500","118,925","35,000","88,285","53,300","35,700","70,000","87,780","52,500","53,300","88,100","106,005","93,600","52,500","88,205","88,220","89,060"
TS_10,PL_999,1/1/2016,"53,760","8,880","53,760","146,740","13,440","111,600","59,760","53,760","53,760","49,730","80,880","26,880","54,000","59,760","108,020","107,520","107,520","114,760","54,000","50,160","100,500",,"97,000","8,880",,,"54,290","24,100","48,500","48,000","24,000","22,600","48,240","55,500","48,340","24,000"
TS_11,PL_999,1/1/2016,,,,"17,350","36,060","17,350","17,350","34,700","69,400",,"69,400","34,700","69,400","69,400","69,400","34,700","34,700","69,400","104,100","52,050","52,050",,160,"34,700","52,370","17,670","69,400","86,750","52,050","25,950","52,530",,"95,500","52,050","34,700",
TS_12,PL_999,1/1/2016,,,,,,,,,,,,,,,,,,,,,,,,,,,,,,,,,,"52,000","91,000","65,000"
TS_13,PL_999,1/1/2016,"6,150","16,400","24,100","12,450","25,800","19,400","13,400","46,800",125,"17,100","10,000","18,400","27,000","7,000","23,000","32,000","21,350","16,150","32,250","45,300","33,150","30,500","34,950","16,300","35,775","22,450","31,319","36,500","34,987","23,730","53,238","46,093","49,313","42,433","50,491","16,899"
TS_14,PL_999,1/1/2016,"54,120","18,380","33,920","72,060","52,560","50,440","4,000","16,410","30,560","42,010","35,570","16,300","56,900","54,800","33,570","34,970","34,680","34,400","38,400","16,410","38,710","38,960","37,490","30,220","89,835","52,950","33,710","21,720","36,970","32,260","52,980","16,720","33,140","45,540","34,320","61,000"
TS_15,PL_999,1/1/2016,"11,260","57,750","69,465","31,070","27,420","38,710","53,250",,"7,500","54,850","39,650","7,040","56,120","55,525","44,295","13,850","42,256","32,040","34,976","8,622","40,840","42,086","45,036","30,890","44,672","16,050","56,775","75,060","31,810","23,500","13,080",,"40,210","42,920","52,240","29,860"
TS_16,PL_999,1/1/2016,"61,010","38,080","42,980","47,330","27,640","23,990","29,550","35,550","32,050","27,450","6,050","32,200","6,050","4,100","1,850","28,050","1,000","9,600","25,650","17,200",,"35,200","4,850","9,700","9,100","9,900","20,200","90,400","17,650","22,700","65,000","30,050","39,350","20,450","15,950","37,100"
TS_17,PL_999,1/1/2016,"20,480","21,120","31,720","11,520","30,720","27,480","44,000","9,960","26,880","26,880","25,320","26,880","26,880","17,280","35,760",,"27,880","8,960","9,960","8,960","26,880","9,960","43,840","8,960",,"1,000","6,240","27,040","52,960","9,960",,"5,760","90,720","11,080","35,360","27,040"
TS_18,PL_999,1/1/2016,,,,,,,,,,,,,,,,,,,,,,,,,,,,,,,,"153,060",,"95,200","16,390","135,330"
TS_19,PL_999,1/1/2016,"18,000","14,590","19,500","39,035","29,245","23,080","18,765","36,305","56,540","37,115",50,"18,080","31,580","35,700","36,080","17,890","35,940","18,440","18,530","55,860","36,570","18,890","18,290","80,840","68,150","37,650","18,940","55,250","18,240","18,000","18,720","41,130","50,950","17,290","37,340","34,740"
TS_20,PL_999,1/1/2016,"43,200","30,800","18,200","28,800","28,800","44,700","51,880","68,600","27,550","41,440","72,950","22,000","36,400","13,250","50,800","64,050",,"38,650","36,400","32,690","14,400","33,300","31,400","27,650","50,800","22,000","27,650","25,400","27,650","50,800","16,650","49,650","25,400","42,050","25,400","12,050"
TS_21,PL_999,1/1/2016,"35,620","31,425","25,775","59,855","17,730","32,255","33,020","30,050","20,350","26,050","41,220","2,080","25,980","61,060","49,110","17,760","33,310","68,080","42,970","14,970","61,410","17,590","46,205","19,175","17,950",,"47,300","16,830","16,565","21,450","48,510",200,"42,500","14,595","17,840",860
TS_22,PL_999,1/1/2016,"31,175","13,950","20,500","18,475","9,975","25,225","29,825","40,000","10,375","12,230","27,400","29,325","31,150","20,375","54,082","38,910","31,432","33,970","26,825","35,475","25,225","22,850","18,375","50,850","27,150","32,150","39,170","32,225","23,600","45,883","30,675","51,750","35,225","53,375","34,350","29,635"
TS_23,PL_999,1/1/2016,"5,000","42,850","22,315","25,010","26,235","17,925","15,485","20,000","21,235","22,385","21,700","20,965","18,090","41,330","24,456","18,635","22,775","19,932","39,246","37,626","18,216","16,345","51,973","25,580","20,570","28,206","19,996","14,420","53,370","35,962","27,740","20,740","21,575","22,050","57,150","26,630"
TS_24,PL_999,1/1/2016,"2,000","26,000","58,000","32,000","4,000","34,000","34,000","4,000","5,000","55,000","3,000","34,000","34,000","7,000","35,000","36,500","5,000","5,000","27,000",,"30,000","20,000","45,000",,"20,000","49,000","28,500","48,500","6,000",,"86,000",,,"26,100","27,000","6,200"
TS_25,PL_999,1/1/2016,"20,800","34,690","33,180","38,360","11,400","30,140","13,010","28,230","51,210","10,400","27,900","52,820","29,680",,"39,550","38,690","10,400","36,340","15,500","60,720","28,920","33,020",,"42,760","6,590","29,040","88,340","26,660","43,780","19,400","38,880","11,600","22,590","34,160","17,300","16,510"
TS_26,PL_999,1/1/2016,,"17,410","6,150","5,660","24,100","16,560","16,560","1,900","61,805","22,160","20,025","40,360","27,150","28,690","43,200","31,985","42,660","16,505","21,000","45,060","29,200","22,360","36,660","28,700","36,835","25,100","44,930","27,640","22,535","16,075","23,000","28,145","34,500","31,785","15,335","36,265"
TS_27,PL_999,1/1/2016,"55,850","56,050","55,310","56,150","56,030","36,410","37,440","38,000","55,940","59,760","57,000","37,800","75,020","37,250","57,440","1,800","56,880","56,220","37,240","37,530","19,000","56,600","75,440","18,260","38,000","19,000","20,440","33,000","33,490","32,720","16,720","32,440","32,080","36,080","38,080","37,105"
TS_28,PL_999,1/1/2016,,"9,600","28,800","19,200","9,600","28,800","19,200","28,800","38,400","38,400","28,800",,"19,200","28,800","33,000","19,200","28,800","19,200","38,400","38,400","19,200","28,800","38,400","38,400","19,200","19,200","9,600","48,000","38,400","9,600","19,200",,,,,
TS_29,PL_999,1/1/2016,"19,560","17,360","18,640","21,090","35,280","36,000","18,130","20,840","16,640","25,715","21,090","19,360","21,090","36,000","17,360","17,360","35,280","19,360","36,410","18,640","37,280","19,810","19,360","19,360","34,720","19,090","37,280","14,720","40,080","21,090","17,360","36,000","37,730","18,160","20,590","18,640"
TS_30,PL_999,1/1/2016,"48,070","18,010","29,300","54,170","50,130","40,020","17,000","75,750","23,090","26,000","12,000","29,380","14,320","67,080","17,970","3,500",,"31,050","19,970","12,790","13,000","13,900","23,940","21,300",,"18,390","33,210","13,000","13,640","19,820","15,900","7,800","23,200","17,480","17,830","34,560"
TS_31,PL_999,1/1/2016,,,"27,000","27,000","18,000","18,000","18,000","18,000","27,000","18,000","18,000","18,000","18,000","18,000","9,000","18,000","18,000","18,000","27,000","18,000","18,000","18,000","18,000","27,000","22,950","27,000","27,000","18,000","9,000","18,000","36,000","18,000","18,000","18,000","18,000","36,000"
TS_32,PL_999,1/1/2016,,"63,000","72,000",,,"36,000","27,000","53,500","35,000","72,000",,,"4,000",,,"40,050","8,100","6,300","36,000","36,000",,"7,200",,"36,000","36,900","40,950",,,,,"2,000",,"61,900","54,000","40,950","35,940"
TS_33,PL_999,1/1/2016,"20,450","35,850","27,525","40,520","16,150","25,545","20,275","34,745","28,625","4,075","54,200","12,600","2,245","7,400","45,150","60,810","24,625","26,490","14,725","22,825","19,000","17,500","13,950","15,450","17,175","18,525","5,375","73,065","34,550","25,475","12,700","16,825",500,"39,100","13,225","10,075"
TS_34,PL_999,1/1/2016,,,,,,,,,,,,,,,,,,,,,,,,,,,,"36,880","38,240","82,040","77,680",,,,,"95,080"
TS_35,PL_999,1/1/2016,500,"5,250","2,500",,500,,"2,500",,"20,000","22,480","30,220","11,960","20,500","23,720","25,365","19,200","30,000","23,530","22,160","25,600","27,550","24,400","27,600","14,935","27,710","27,020","24,790","30,695","21,160","25,200","25,450","28,250","24,850","27,925","23,980","20,850"
TS_36,PL_999,1/1/2016,"14,770","34,410","36,840","40,920","15,820","40,370","28,450","37,660",,"50,470","26,560","52,730","27,050",,"38,820","14,595","11,450","28,280","27,360","23,900","2,500","12,480","41,775","16,450","31,900","28,660","26,450","22,300","30,250","39,590","27,030","15,680","14,940","12,340","35,590","27,630"
TS_37,PL_999,1/1/2016,"1,805","3,315","21,310","22,570","5,205","1,000",100,"9,550","23,320","12,030","9,020","8,665","14,985","18,240","12,700","15,000","16,700","6,800","13,200","10,200","12,350","14,190","16,600","18,450","12,340","29,950","18,200","16,380","10,200","11,620","26,055","9,625","8,600","32,860","10,350","11,690"
TS_38,PL_999,1/1/2016,,"37,000","12,000","12,000","24,000",300,"3,200",,"28,500","12,210",50,"34,000","18,500","17,000","24,000","45,150","25,500","17,245","17,000","33,500","32,100","59,050","17,050",,"17,200","10,000","12,000","38,000","28,000","15,000","27,000","14,000","22,000","24,300","14,200","33,000"
TS_39,PL_999,1/1/2016,"81,910","65,370","51,360","50,010","54,820","45,970","34,970","55,340","18,720","65,700","17,360","17,240","32,160","48,640","14,600","31,160","28,100","35,720","59,910","51,330","32,390","15,360","95,050","15,200","66,440","63,360","96,180","44,180","84,150","63,620",,,,"12,960",,
TS_40,PL_999,1/1/2016,"47,850","38,530","80,220","18,430","30,880","31,625","17,470","65,760","9,640","52,895","28,160","33,650","26,000","23,090","27,040","33,220","39,370","12,910","44,060","20,830","77,740","26,390","55,230","30,670","50,780","25,170","52,820","20,250","19,440","84,300","68,600","28,500","42,340","28,680","25,300","34,610"
TS_41,PL_999,1/1/2016,"24,500","41,100","4,000","44,500","28,000","18,000","12,000","32,500","28,500","29,850",,"14,000","16,000","18,000","26,000","35,000","18,000","30,500","16,500","24,000","27,176","24,000","30,975","10,000","29,000","18,000","39,000","6,000","24,000","22,909","30,600","33,200","28,000","34,409","19,000","28,000"
TS_42,PL_999,1/1/2016,"21,750","15,500","18,110","21,450","28,570","10,240","19,000","7,150","20,450","18,620","11,900","10,050","12,200","17,010","7,580","24,030","13,430","12,160","13,485","7,295","16,830","9,500","4,160","5,490","2,815","6,250","8,780","9,270","2,660","4,410","19,455","14,350","23,440","22,000","26,740","22,355"
TS_43,PL_999,1/1/2016,,,,"18,000",,,"17,500","17,500","17,500","32,550","17,500",,"17,500",,,,,,,"17,500",,"15,000","62,500","32,550","46,500","35,000","80,500","31,500","35,000","15,750",,"17,500","33,950",,,"12,000"
TS_44,PL_999,1/1/2016,"28,000","26,000","26,500","23,500","18,660","27,000","33,000","20,000","18,500","20,500","18,775","24,000","36,000","24,000","33,500","32,000","27,500","14,500","27,000","10,000","18,000","29,160","7,500","17,000","13,100","20,315","26,260","18,000","20,000","23,980","17,000","12,720","25,180","5,140","19,060","17,000"
TS_45,PL_999,1/1/2016,,,"17,500","17,500",,"17,500","1,000","19,500","17,500",,"17,500",,"17,500","17,500","35,000","35,000","17,580","10,000","17,500",,"17,500","17,500",,"18,150","19,000","35,000","100,000","22,500",,"17,500","27,500",,,"17,500","17,500","40,480"
TS_46,PL_999,1/1/2016,"20,000","22,000",,"20,025","20,125","20,500","20,000","20,000","5,000","20,000","26,000","20,000","20,000",,,"25,000",25,"16,100","10,000","13,975",,"20,000","23,950","10,000","18,025","21,000","15,000","25,000",,"31,600","38,000","1,700","30,000","29,475","20,000","15,000"
TS_47,PL_999,1/1/2016,560,"4,500","1,200","15,150","8,860","11,360","8,800","10,670","13,120","13,230","9,500","7,900","9,030",,"25,020","8,920","29,360","15,650","20,949","31,810","4,650","13,526","7,100","21,220","15,900","17,500","19,660","18,090","20,380","24,980","12,020","21,776","14,880",880,"21,660","23,000"
TS_48,PL_999,1/1/2016,"25,000",,"11,250","11,000","33,000","14,000","11,000","13,000","22,000","22,000",,"22,000","25,000","11,000","14,000","11,000","24,180","14,000","22,000","11,000","25,000","22,000","24,000","22,000","14,000","22,000","36,000","36,000","11,000","36,000",,"22,000","22,250","25,000","11,000",
TS_49,PL_999,1/1/2016,,,850,"2,050",,"1,100",800,"1,500",250,"1,550","7,550","4,650","11,800","11,500","36,000","17,000","8,000","4,300","15,250",,"35,500","18,000","5,000","4,000",250,500,"5,600","16,600","37,500","39,000","38,500",,"14,000","5,250","19,300","8,300"
TS_50,PL_999,1/1/2016,"13,950","11,450","12,250","17,200","12,000","16,050","4,200","16,025","14,475","6,340","15,225","3,900","15,500","13,400","15,450","26,000","24,800","16,100","9,500","4,975","21,400","25,225","43,500","29,600","1,850","26,400","14,150","15,389","6,500","29,179","25,810","6,250","6,684","13,325","12,775","13,377"
TS_51,PL_999,1/1/2016,,,,,,,,,,,,,9,"9,250",,,"11,150","15,130",,,,200,,,"9,000",,,,,"6,300",,"5,850","4,000","4,950",,"9,000"
TS_52,PL_999,1/1/2016,,,,,,,,"15,120","30,240","15,120","18,000","18,000",,"18,720","18,720",,"18,720","18,720","14,040","37,440","15,480",,"18,720","16,200","18,720",,,"18,720","18,720","32,760","22,320","18,720","18,720",,"37,440","30,240"
TS_53,PL_999,1/1/2016,,,,,,,,,,,,,,,,,,,,,"17,620","28,200","68,150","15,120","16,520","14,040","13,630","18,280","43,240","23,360","28,280","18,020","18,720","16,960","34,910",
TS_54,PL_999,1/1/2016,,,,,,,,,,,,,,,,,,,,,,,,,,,,,,,,,,,,
TS_55,PL_999,1/1/2016,,,"35,610",,"17,350",,"17,900","17,900","18,300","17,000",,,"17,000","34,000","35,000",,"34,500",,,"52,830","53,760","35,000","54,300","34,900",,,200,"35,650","17,500","17,500","19,300",,"52,500","35,000","17,400",
TS_56,PL_999,1/1/2016,"10,440","1,000","34,560",,,,"4,960","13,580",,30,"39,300","11,160","12,080",,"5,240",800,"20,420","4,860",200,,"17,120","13,880",100,50,"1,320","35,000","32,000","30,240","6,480","29,800","3,640","12,580","19,780","5,180","14,400",
TS_57,PL_999,1/1/2016,"11,700","11,700",,"11,700","15,840","14,700","11,700","11,700","11,700",,,,"25,400",,,"22,500","6,000","22,700","24,900","12,850","10,800","10,800","16,800",,"2,000","16,800","12,800","10,800","21,200","23,520","23,600","10,800","11,400","10,800","19,800","10,800"
TS_58,PL_999,1/1/2016,,"2,500","1,500","6,500","4,500","6,500","4,500","6,000","2,450","7,000","3,500","2,000","7,525","3,025","4,000","3,500","6,500","5,000","8,000","8,500","6,075","9,450","6,000","4,840","10,310","8,075","6,250",450,"3,750","4,075","6,375","6,665","6,250","27,400","15,600","24,295"
TS_59,PL_999,1/1/2016,,,,,,,,,"17,625","17,000","19,000","19,000","19,000","19,050","19,000","18,500","18,000","18,025","19,000","19,000","19,200","18,475","18,000","18,000","18,000","18,000","38,000","18,000",,"18,000","18,000","18,025",,"35,175","17,425","16,125"
TS_60,PL_999,1/1/2016,,,,,,,,,,,,,,,"27,500","14,850","46,750","13,200","28,000","19,550","21,500","30,750","27,250","13,000","23,200","14,000","26,250","33,560","12,600","31,000","35,500","33,850","20,200","22,100","12,000","27,100"
TS_61,PL_999,1/1/2016,"11,000",,"10,000",,"12,500","16,000",,"10,000","16,000","10,000","6,000","12,000",,"18,000","4,000","20,000","14,000","22,000","26,000","8,000","13,000","4,000",,,"17,000","15,000","28,000",,,,"3,000",,,,,
TS_62,PL_999,1/1/2016,"4,765","2,380","2,925","4,550","4,870","2,980","17,950","81,100","5,610","6,670","9,345","2,670","4,250","6,040","2,770","4,600",,"7,295",,"32,140","29,050","33,575","44,325","18,770","3,700","2,175","7,685","4,640","12,600","11,300","1,950","44,470","16,900","7,800","16,540","3,040"
TS_63,PL_999,1/1/2016,"23,460","26,100","54,700","32,250","41,980","30,100","17,600","45,500","35,800","33,070","42,600","34,070","29,480","47,000","26,125","34,720","7,600","14,600","35,150","65,000","27,880","51,065","46,400","26,500","45,400","30,000","14,000","31,000",,,,,,,200,50
TS_64,PL_999,1/1/2016,"20,000","40,000","30,000","30,000","20,000","20,000","30,000","20,000","20,000","30,000","30,000","28,000","30,000","10,000","23,500","56,500","32,000","40,000","70,000","10,000","60,000","30,000","30,000","50,000","20,000","20,000",,"25,000","10,000",,,,,,"1,000",
TS_65,PL_999,1/1/2016,,,"33,800","7,790","15,570","14,885","17,960","18,200","17,910","17,685","17,960","17,870","19,020","3,000","15,150","17,810","18,010","18,050","18,270","18,710","18,020","17,660","17,750","17,820","17,650","17,760","14,810","19,220","35,775","35,700","23,955","17,800",,"37,330","35,970","26,000"
TS_66,PL_999,1/1/2016,"25,520","2,440","22,280","19,800","6,000","3,240","23,780",,"26,520","15,360","1,500",,,"24,280",,"23,280","1,000","24,780",,"28,510","2,000","23,700",,"3,240","17,280",,"24,220","17,280","2,000","11,240",,"37,020","16,280",400,"19,260",
TS_67,PL_999,1/1/2016,"1,150","1,200",600,"1,250",630,"14,520","16,800","4,800","15,615","13,680","11,880","10,200","10,200","12,120","19,200","24,480","15,450","15,000","12,360",600,"17,760","17,280","14,760","9,960","10,200","14,520","18,120","16,680","14,520","15,960","9,600","7,560","8,160","24,720","7,320","14,760"
TS_68,PL_999,1/1/2016,,,,,,,,,,,,,,,,,,,,,,,,,,,,,,,,,,,,
TS_69,PL_999,1/1/2016,"18,720","3,960","18,720","34,560","18,360",,"21,960","18,720","18,720","18,720","1,800","21,960","12,960","24,480","14,760","28,080",,"20,880",,,,"15,120",,"18,720","16,920",,"18,720",,"3,600","18,720","4,320","10,330","23,040","18,720","18,720","18,720"
TS_70,PL_999,1/1/2016,,,,,,,,,,,,,,,,,,,,,,,,,,,,,,"42,220","16,840","13,880","14,920","6,560","30,000","21,120"
TS_71,PL_999,1/1/2016,,,,,,,,,,,,,,,,,,,,,,,,,,,,,,,,,,,,
TS_72,PL_999,1/1/2016,,,,,,,,,,,,,,,,,,,"13,000","13,000","13,000","13,000",,"26,000","13,000","26,000","13,000","26,000","5,000","40,250","13,000","13,000","13,000","12,000","26,000","13,000"
TS_73,PL_999,1/1/2016,,"9,000","9,000","9,000","9,000","18,000","9,000","9,000","9,000","9,000","18,000","18,000","18,000","9,000","18,000",,"9,000","9,000","18,000","9,000","18,000","9,000","18,000","9,000","9,000","18,000","9,000","18,000",,"9,000","18,000","9,000","18,000",,"18,000","9,000"
TS_74,PL_999,1/1/2016,"12,900","12,800","13,305","7,950","8,400","7,000","10,800","8,375","11,425","13,900","7,400","14,400","12,300","8,350","7,900","12,400","15,400","10,900","7,500","10,800","14,150","14,000","5,500","20,000","8,400","6,750","13,000","21,000","17,000","11,175","13,325","25,600","13,600","11,400","6,400","17,500"
TS_75,PL_999,1/1/2016,"14,480",,"5,760",,"21,880",,"10,800","8,020","10,160","21,495","8,550","10,920","8,640","11,680","27,120","16,040","10,290","13,520","9,230","16,180","6,680","5,500","12,410","7,910",,"17,070","19,890","21,600","7,620","51,740","8,470","22,340","7,010","3,730","15,750","27,620"
TS_76,PL_999,1/1/2016,"12,850","11,500","11,500","3,000","15,000","1,500","6,500","13,000","1,500","5,000","6,500","11,500","11,500","16,500","11,500","8,000","5,000","12,000","13,000","8,000","15,000","1,000","12,000","6,000","13,000","15,000","12,000","21,000",,"15,000","8,000","1,000","18,000","20,000","3,000","12,000"
TS_77,PL_999,1/1/2016,"19,440","28,680","29,940","21,960","18,720","7,020","4,080","3,780","20,820","18,300","21,900","21,060","15,720","29,520","23,880","22,620","8,880","3,600","3,420","3,600","1,260",,"1,260","45,660","2,160","1,080",,,"1,080",,"1,080",,"1,080","3,000","5,760",
TS_78,PL_999,1/1/2016,"17,550","17,550","17,550","17,550","19,800","17,550","17,550",,"35,100","2,250","17,550","35,100",,"2,250",500,"8,475","25,650","2,000","35,100","8,475","27,525","36,000","17,975","17,975",,"18,000","18,000","18,000","18,000","18,000",,,"18,000",,"18,000",
TS_79,PL_999,1/1/2016,"42,400","18,000","26,800","22,800","43,140","5,600","24,400",,"48,000","18,000","18,200","35,900",,"4,800","5,600","5,600","4,800","5,600","4,000","4,800","11,200","6,400","5,600","4,800","10,400",800,"6,400",,"3,200","21,200","4,000","36,000","20,400","36,400","36,380","22,220"
TS_80,PL_999,1/1/2016,"14,800","10,900","7,500","9,000","9,500","9,500","8,800","15,800","13,700","9,000","9,700","8,100","11,200","7,500","8,700","8,500","10,700","11,225","10,000","12,050","10,250","9,000","9,600","10,200","10,150","9,200","9,950","9,800","10,350","9,850","10,650","10,400","9,900","11,800","6,000","8,000"
TS_81,PL_999,1/1/2016,,,,,,,,,,,,,,,,,,,,,,"18,300","16,240","4,745","36,597","28,410","32,725","18,110","57,440","6,080","81,225","27,100","14,746","23,281","29,552","19,425"
TS_82,PL_999,1/1/2016,"9,560","16,000","12,750","9,500",200,"10,000","8,150",250,,"7,650","19,500","5,450","12,000","6,700","13,000","12,490",580,"16,150","15,450","21,395","15,580","17,140","14,760","10,900","2,100","2,850","14,500","10,025","17,000","31,950","17,750","1,980","15,800",,"6,000","12,500"
TS_83,PL_999,1/1/2016,"26,880","26,880",,"26,880",,,"10,000","13,440",,"13,440",,"13,440","20,000","20,000",,"20,000",,,"20,000","20,000",,"10,000","10,000","10,000","30,000","20,000","20,000","10,000","10,000","20,000",,"10,000","10,000","10,000","10,000",
TS_84,PL_999,1/1/2016,480,"7,010",,"2,640","1,200","11,400","2,700","2,640","6,300","9,980","4,610",,"2,400","1,980","12,130","10,560","1,150",,"5,920","1,250","5,040",,,,"3,360","8,840","9,120",720,"5,530","19,490","22,100","2,690","6,130",300,"25,400","16,360"
TS_85,PL_999,1/1/2016,"10,000","10,000","10,000","13,000","15,000","15,000","15,000","10,000","18,000","22,000","15,000","10,000","5,000","16,550","16,500","7,500","4,500","10,500","13,750","11,000","8,550","14,000","19,750","16,000","17,750","10,500","9,000","12,000","7,000","7,250",,"15,250","5,800","14,000","8,000","9,200"
TS_86,PL_999,1/1/2016,"5,650","3,350","4,500","4,000","3,000","6,000","7,500","5,000","3,000","6,000","1,500","1,500","2,500","2,500","2,500","2,300","4,000","4,000","3,800","5,500","7,500","7,700","6,950","6,350","6,000","7,500","7,500","7,400","10,800","12,300","12,750","11,325","15,275","11,800","12,400","13,325"
TS_87,PL_999,1/1/2016,"10,000","20,000","20,000","10,000","35,200","17,600","17,600","17,600","17,600",,"17,600",,,"17,600",,"17,600","17,600",,"17,600",,"17,600","17,600",,"17,600",,"17,600","17,600","17,600",,,,"17,600",,,"17,600",
TS_88,PL_999,1/1/2016,,"1,525","2,720","2,000",,,"2,600","2,500",200,"1,000",500,650,"1,850",575,"5,590","2,475","3,000","2,625","2,600","5,800","1,200","4,630",500,"3,360","6,005",200,"5,100","8,060",150,"1,850","5,495","7,445",100,"6,300","5,835","3,450"
TS_89,PL_999,1/1/2016,"8,075","4,900","6,125","4,115","7,385","13,100","4,600","11,400","3,900","3,450","2,000","2,175","8,810","10,050","7,965","7,150","8,575","10,200","6,985","4,150","9,225","12,145","7,400","10,100","9,420","15,875","12,625","14,400","10,100","15,150","16,350","8,585","11,595","20,100","5,375","11,650"
TS_90,PL_999,1/1/2016,"11,400","15,120","21,160","5,040","35,520","1,040","10,100","15,145","8,340","8,040","16,100",25,"8,040","14,240","9,040","2,500","13,130","10,560","11,280","10,130","17,630","7,700","7,200","18,120","5,040","14,640","23,740","19,600","19,120","8,520","3,000",175,"8,040","8,280",480,"3,095"
TS_91,PL_999,1/1/2016,,,"18,000","18,000","9,000","9,000","9,000","9,000","9,000","9,000","9,000",,"18,000","9,000","9,000","9,000","9,000","18,000",,"9,000","9,000","18,000",,"9,000","9,000","9,000","18,000","9,000","18,000","9,000","18,000","9,000","9,000","9,000","18,000",
TS_92,PL_999,1/1/2016,,,,,,,,,,,,,,,,,,,,,,,,,,,,,,,,,,"14,000","6,000","14,000"
TS_93,PL_999,1/1/2016,"15,175","14,850","17,700","15,125","15,700","19,300","10,500","7,250","18,700","16,150","4,100","12,500","7,700","10,400","26,950","18,000","15,000","17,500","1,500","8,000","12,500","17,200","15,300","10,000","4,500","15,500","19,600","12,425","11,900","6,875","2,000","24,600","13,600","13,500","7,100","4,300"
TS_94,PL_999,1/1/2016,"5,306","4,082","6,122","6,122","7,755","8,163","5,714","17,551","3,265","10,204","6,939","6,122","8,980","10,612","6,122","11,020","11,610","9,388","11,429","11,020","10,612","9,909","4,898","7,347","7,347","9,796","14,694","9,796","9,796","9,796","9,796","9,796","12,245","12,245","14,286","7,356"
TS_95,PL_999,1/1/2016,"7,000","6,000","14,000","14,450","14,450","36,000",,"16,000","18,000",,"6,000","8,000","14,000",,"6,000","6,100","4,000","4,000","6,000","14,000","16,000","14,000","6,000",,"19,100","6,000","14,000","14,000","6,000","8,000","12,000",,"14,000","6,000","22,000",
TS_96,PL_999,1/1/2016,"19,190","5,600","16,475","38,600","39,050","8,000","23,900","21,090","17,600","21,490","2,650","13,940","14,500","17,675",300,"17,850","5,500","18,900","16,475","31,175","1,750","10,620","2,900","19,220",500,"5,050","18,970","22,050","13,600","38,520","14,500","11,700","6,120","17,520","2,150","11,820"
TS_97,PL_999,1/1/2016,"13,500","3,750","8,150","3,000","27,000","2,250","11,400","4,800","9,150","6,250","1,300","3,000","7,725","2,000","3,450","7,750","10,775","1,525","1,250","1,300","8,450","2,650","19,725","5,250","4,725","4,750","7,150","17,250","10,000","26,000","10,750","20,250","28,525","10,950","33,950","5,550"
TS_98,PL_999,1/1/2016,"10,000","10,000","15,000","28,000","33,000","19,000","15,000","19,000","14,500","30,500","32,500","39,000",300,,"5,000","10,500",,"20,000","5,000","10,000","10,000","3,000","10,000","5,400","10,000","10,000","3,000","19,500","13,500",,"20,000",700,"11,600","2,500","12,000","10,000"
TS_99,PL_999,1/1/2016,,,,,,,,,,,,,,,,,,,,,,,,,,,,,,,,,,,,
TS_100,PL_999,1/1/2016,"7,000","15,000","6,000","7,000","6,000","6,925","12,000","3,000","11,000","10,500","8,000","8,500",,"4,500","6,000","10,000","6,000","3,000","1,500","6,000","13,800","6,850","7,500","10,000","7,975","13,000","25,000","12,250","12,000","8,000","12,700","11,150","4,000","7,000","21,000","8,000"
TS_101,PL_999,1/1/2016,,,"92,000",,"54,000","74,000",,"72,000","72,000",,"75,600",,,,,,"36,000",,,"18,000","47,350",,,"9,000",,,,,,"16,200",,"36,000",,,,
